,county,fipscounty,population,overdose_deaths,opioid_claims,total_claims,opioid,opioid_percent
0,ANDERSON,47001,75538.0,34.0,694.0,34882.0,codeine,1.99
1,ANDERSON,47001,75538.0,34.0,498.0,34882.0,fentanyl,1.43
2,ANDERSON,47001,75538.0,34.0,14227.0,34882.0,hydrocodone,40.79
3,ANDERSON,47001,75538.0,34.0,1971.0,34882.0,morphine,5.65
4,ANDERSON,47001,75538.0,34.0,49.0,34882.0,other,0.14
5,ANDERSON,47001,75538.0,34.0,13099.0,34882.0,oxycodone,37.55
6,ANDERSON,47001,75538.0,34.0,716.0,34882.0,oxymorphone,2.05
7,ANDERSON,47001,75538.0,34.0,3628.0,34882.0,tramadol,10.4
8,BEDFORD,47003,46854.0,3.0,48.0,8289.0,codeine,0.58
9,BEDFORD,47003,46854.0,3.0,247.0,8289.0,fentanyl,2.98
10,BEDFORD,47003,46854.0,3.0,4703.0,8289.0,hydrocodone,56.74
11,BEDFORD,47003,46854.0,3.0,188.0,8289.0,morphine,2.27
12,BEDFORD,47003,46854.0,3.0,37.0,8289.0,other,0.45
13,BEDFORD,47003,46854.0,3.0,1533.0,8289.0,oxycodone,18.49
14,BEDFORD,47003,46854.0,3.0,1533.0,8289.0,tramadol,18.49
15,BENTON,47005,16154.0,5.0,44.0,10717.0,codeine,0.41
16,BENTON,47005,16154.0,5.0,414.0,10717.0,fentanyl,3.86
17,BENTON,47005,16154.0,5.0,4804.0,10717.0,hydrocodone,44.83
18,BENTON,47005,16154.0,5.0,1198.0,10717.0,morphine,11.18
19,BENTON,47005,16154.0,5.0,247.0,10717.0,other,2.3
20,BENTON,47005,16154.0,5.0,3368.0,10717.0,oxycodone,31.43
21,BENTON,47005,16154.0,5.0,88.0,10717.0,oxymorphone,0.82
22,BENTON,47005,16154.0,5.0,554.0,10717.0,tramadol,5.17
23,BLEDSOE,47007,14413.0,2.0,165.0,3306.0,codeine,4.99
24,BLEDSOE,47007,14413.0,2.0,33.0,3306.0,fentanyl,1.0
25,BLEDSOE,47007,14413.0,2.0,1978.0,3306.0,hydrocodone,59.83
26,BLEDSOE,47007,14413.0,2.0,40.0,3306.0,morphine,1.21
27,BLEDSOE,47007,14413.0,2.0,638.0,3306.0,oxycodone,19.3
28,BLEDSOE,47007,14413.0,2.0,452.0,3306.0,tramadol,13.67
29,BLOUNT,47009,127135.0,29.0,597.0,27352.0,codeine,2.18
30,BLOUNT,47009,127135.0,29.0,527.0,27352.0,fentanyl,1.93
31,BLOUNT,47009,127135.0,29.0,13769.0,27352.0,hydrocodone,50.34
32,BLOUNT,47009,127135.0,29.0,912.0,27352.0,morphine,3.33
33,BLOUNT,47009,127135.0,29.0,83.0,27352.0,other,0.3
34,BLOUNT,47009,127135.0,29.0,5998.0,27352.0,oxycodone,21.93
35,BLOUNT,47009,127135.0,29.0,41.0,27352.0,oxymorphone,0.15
36,BLOUNT,47009,127135.0,29.0,5425.0,27352.0,tramadol,19.83
37,BRADLEY,47011,103666.0,14.0,207.0,48244.0,codeine,0.43
38,BRADLEY,47011,103666.0,14.0,872.0,48244.0,fentanyl,1.81
39,BRADLEY,47011,103666.0,14.0,20983.0,48244.0,hydrocodone,43.49
40,BRADLEY,47011,103666.0,14.0,2997.0,48244.0,morphine,6.21
41,BRADLEY,47011,103666.0,14.0,788.0,48244.0,other,1.63
42,BRADLEY,47011,103666.0,14.0,16905.0,48244.0,oxycodone,35.04
43,BRADLEY,47011,103666.0,14.0,769.0,48244.0,oxymorphone,1.59
44,BRADLEY,47011,103666.0,14.0,4723.0,48244.0,tramadol,9.79
45,CAMPBELL,47013,39824.0,5.0,308.0,18687.0,codeine,1.65
46,CAMPBELL,47013,39824.0,5.0,82.0,18687.0,fentanyl,0.44
47,CAMPBELL,47013,39824.0,5.0,7737.0,18687.0,hydrocodone,41.4
48,CAMPBELL,47013,39824.0,5.0,501.0,18687.0,morphine,2.68
49,CAMPBELL,47013,39824.0,5.0,29.0,18687.0,other,0.16
50,CAMPBELL,47013,39824.0,5.0,5853.0,18687.0,oxycodone,31.32
51,CAMPBELL,47013,39824.0,5.0,1698.0,18687.0,oxymorphone,9.09
52,CAMPBELL,47013,39824.0,5.0,2479.0,18687.0,tramadol,13.27
53,CANNON,47015,13839.0,3.0,98.0,2758.0,codeine,3.55
54,CANNON,47015,13839.0,3.0,278.0,2758.0,fentanyl,10.08
55,CANNON,47015,13839.0,3.0,1377.0,2758.0,hydrocodone,49.93
56,CANNON,47015,13839.0,3.0,116.0,2758.0,morphine,4.21
57,CANNON,47015,13839.0,3.0,55.0,2758.0,other,1.99
58,CANNON,47015,13839.0,3.0,461.0,2758.0,oxycodone,16.72
59,CANNON,47015,13839.0,3.0,373.0,2758.0,tramadol,13.52
60,CARROLL,47017,28137.0,2.0,171.0,19512.0,codeine,0.88
61,CARROLL,47017,28137.0,2.0,140.0,19512.0,fentanyl,0.72
62,CARROLL,47017,28137.0,2.0,12093.0,19512.0,hydrocodone,61.98
63,CARROLL,47017,28137.0,2.0,1452.0,19512.0,morphine,7.44
64,CARROLL,47017,28137.0,2.0,3788.0,19512.0,oxycodone,19.41
65,CARROLL,47017,28137.0,2.0,22.0,19512.0,oxymorphone,0.11
66,CARROLL,47017,28137.0,2.0,1846.0,19512.0,tramadol,9.46
67,CARTER,47019,56500.0,16.0,285.0,11230.0,codeine,2.54
68,CARTER,47019,56500.0,16.0,144.0,11230.0,fentanyl,1.28
69,CARTER,47019,56500.0,16.0,5279.0,11230.0,hydrocodone,47.01
70,CARTER,47019,56500.0,16.0,251.0,11230.0,morphine,2.24
71,CARTER,47019,56500.0,16.0,38.0,11230.0,other,0.34
72,CARTER,47019,56500.0,16.0,2852.0,11230.0,oxycodone,25.4
73,CARTER,47019,56500.0,16.0,27.0,11230.0,oxymorphone,0.24
74,CARTER,47019,56500.0,16.0,2354.0,11230.0,tramadol,20.96
75,CHEATHAM,47021,39713.0,24.0,339.0,9250.0,codeine,3.66
76,CHEATHAM,47021,39713.0,24.0,184.0,9250.0,fentanyl,1.99
77,CHEATHAM,47021,39713.0,24.0,3772.0,9250.0,hydrocodone,40.78
78,CHEATHAM,47021,39713.0,24.0,511.0,9250.0,morphine,5.52
79,CHEATHAM,47021,39713.0,24.0,91.0,9250.0,other,0.98
80,CHEATHAM,47021,39713.0,24.0,2863.0,9250.0,oxycodone,30.95
81,CHEATHAM,47021,39713.0,24.0,285.0,9250.0,oxymorphone,3.08
82,CHEATHAM,47021,39713.0,24.0,1205.0,9250.0,tramadol,13.03
83,CHESTER,47023,17097.0,1.0,198.0,9648.0,codeine,2.05
84,CHESTER,47023,17097.0,1.0,187.0,9648.0,fentanyl,1.94
85,CHESTER,47023,17097.0,1.0,5251.0,9648.0,hydrocodone,54.43
86,CHESTER,47023,17097.0,1.0,231.0,9648.0,morphine,2.39
87,CHESTER,47023,17097.0,1.0,299.0,9648.0,other,3.1
88,CHESTER,47023,17097.0,1.0,2023.0,9648.0,oxycodone,20.97
89,CHESTER,47023,17097.0,1.0,65.0,9648.0,oxymorphone,0.67
90,CHESTER,47023,17097.0,1.0,1394.0,9648.0,tramadol,14.45
91,CLAIBORNE,47025,31566.0,2.0,738.0,21243.0,codeine,3.47
92,CLAIBORNE,47025,31566.0,2.0,373.0,21243.0,fentanyl,1.76
93,CLAIBORNE,47025,31566.0,2.0,14891.0,21243.0,hydrocodone,70.1
94,CLAIBORNE,47025,31566.0,2.0,481.0,21243.0,morphine,2.26
95,CLAIBORNE,47025,31566.0,2.0,49.0,21243.0,other,0.23
96,CLAIBORNE,47025,31566.0,2.0,2261.0,21243.0,oxycodone,10.64
97,CLAIBORNE,47025,31566.0,2.0,55.0,21243.0,oxymorphone,0.26
98,CLAIBORNE,47025,31566.0,2.0,2395.0,21243.0,tramadol,11.27
99,CLAY,47027,7684.0,2.0,58.0,6483.0,codeine,0.89
100,CLAY,47027,7684.0,2.0,560.0,6483.0,fentanyl,8.64
101,CLAY,47027,7684.0,2.0,1998.0,6483.0,hydrocodone,30.82
102,CLAY,47027,7684.0,2.0,320.0,6483.0,morphine,4.94
103,CLAY,47027,7684.0,2.0,108.0,6483.0,other,1.67
104,CLAY,47027,7684.0,2.0,2727.0,6483.0,oxycodone,42.06
105,CLAY,47027,7684.0,2.0,29.0,6483.0,oxymorphone,0.45
106,CLAY,47027,7684.0,2.0,683.0,6483.0,tramadol,10.54
107,COCKE,47029,35262.0,6.0,75.0,12161.0,codeine,0.62
108,COCKE,47029,35262.0,6.0,202.0,12161.0,fentanyl,1.66
109,COCKE,47029,35262.0,6.0,6119.0,12161.0,hydrocodone,50.32
110,COCKE,47029,35262.0,6.0,767.0,12161.0,morphine,6.31
111,COCKE,47029,35262.0,6.0,110.0,12161.0,other,0.9
112,COCKE,47029,35262.0,6.0,2627.0,12161.0,oxycodone,21.6
113,COCKE,47029,35262.0,6.0,664.0,12161.0,oxymorphone,5.46
114,COCKE,47029,35262.0,6.0,1597.0,12161.0,tramadol,13.13
115,COFFEE,47031,54074.0,12.0,159.0,43957.0,codeine,0.36
116,COFFEE,47031,54074.0,12.0,1275.0,43957.0,fentanyl,2.9
117,COFFEE,47031,54074.0,12.0,16694.0,43957.0,hydrocodone,37.98
118,COFFEE,47031,54074.0,12.0,4501.0,43957.0,morphine,10.24
119,COFFEE,47031,54074.0,12.0,1054.0,43957.0,other,2.4
120,COFFEE,47031,54074.0,12.0,16790.0,43957.0,oxycodone,38.2
121,COFFEE,47031,54074.0,12.0,475.0,43957.0,oxymorphone,1.08
122,COFFEE,47031,54074.0,12.0,3009.0,43957.0,tramadol,6.85
123,CROCKETT,47033,14554.0,0.0,17.0,2672.0,codeine,0.64
124,CROCKETT,47033,14554.0,0.0,97.0,2672.0,fentanyl,3.63
125,CROCKETT,47033,14554.0,0.0,1666.0,2672.0,hydrocodone,62.35
126,CROCKETT,47033,14554.0,0.0,33.0,2672.0,morphine,1.24
127,CROCKETT,47033,14554.0,0.0,16.0,2672.0,other,0.6
128,CROCKETT,47033,14554.0,0.0,176.0,2672.0,oxycodone,6.59
129,CROCKETT,47033,14554.0,0.0,667.0,2672.0,tramadol,24.96
130,CUMBERLAND,47035,58178.0,9.0,288.0,24193.0,codeine,1.19
131,CUMBERLAND,47035,58178.0,9.0,756.0,24193.0,fentanyl,3.12
132,CUMBERLAND,47035,58178.0,9.0,7222.0,24193.0,hydrocodone,29.85
133,CUMBERLAND,47035,58178.0,9.0,2172.0,24193.0,morphine,8.98
134,CUMBERLAND,47035,58178.0,9.0,238.0,24193.0,other,0.98
135,CUMBERLAND,47035,58178.0,9.0,9548.0,24193.0,oxycodone,39.47
136,CUMBERLAND,47035,58178.0,9.0,485.0,24193.0,oxymorphone,2.0
137,CUMBERLAND,47035,58178.0,9.0,3484.0,24193.0,tramadol,14.4
138,DAVIDSON,47037,678322.0,184.0,2279.0,284885.0,codeine,0.8
139,DAVIDSON,47037,678322.0,184.0,8263.0,284885.0,fentanyl,2.9
140,DAVIDSON,47037,678322.0,184.0,115146.0,284885.0,hydrocodone,40.42
141,DAVIDSON,47037,678322.0,184.0,20899.0,284885.0,morphine,7.34
142,DAVIDSON,47037,678322.0,184.0,4225.0,284885.0,other,1.48
143,DAVIDSON,47037,678322.0,184.0,96623.0,284885.0,oxycodone,33.92
144,DAVIDSON,47037,678322.0,184.0,2063.0,284885.0,oxymorphone,0.72
145,DAVIDSON,47037,678322.0,184.0,35387.0,284885.0,tramadol,12.42
146,DE KALB,47041,19380.0,7.0,51.0,8022.0,codeine,0.64
147,DE KALB,47041,19380.0,7.0,132.0,8022.0,fentanyl,1.65
148,DE KALB,47041,19380.0,7.0,5228.0,8022.0,hydrocodone,65.17
149,DE KALB,47041,19380.0,7.0,226.0,8022.0,morphine,2.82
150,DE KALB,47041,19380.0,7.0,56.0,8022.0,other,0.7
151,DE KALB,47041,19380.0,7.0,1273.0,8022.0,oxycodone,15.87
152,DE KALB,47041,19380.0,7.0,1056.0,8022.0,tramadol,13.16
153,DECATUR,47039,11681.0,0.0,114.0,2188.0,codeine,5.21
154,DECATUR,47039,11681.0,0.0,32.0,2188.0,fentanyl,1.46
155,DECATUR,47039,11681.0,0.0,1220.0,2188.0,hydrocodone,55.76
156,DECATUR,47039,11681.0,0.0,104.0,2188.0,morphine,4.75
157,DECATUR,47039,11681.0,0.0,268.0,2188.0,oxycodone,12.25
158,DECATUR,47039,11681.0,0.0,450.0,2188.0,tramadol,20.57
159,DICKSON,47043,51341.0,6.0,501.0,21995.0,codeine,2.28
160,DICKSON,47043,51341.0,6.0,553.0,21995.0,fentanyl,2.51
161,DICKSON,47043,51341.0,6.0,8343.0,21995.0,hydrocodone,37.93
162,DICKSON,47043,51341.0,6.0,1606.0,21995.0,morphine,7.3
163,DICKSON,47043,51341.0,6.0,466.0,21995.0,other,2.12
164,DICKSON,47043,51341.0,6.0,7107.0,21995.0,oxycodone,32.31
165,DICKSON,47043,51341.0,6.0,287.0,21995.0,oxymorphone,1.3
166,DICKSON,47043,51341.0,6.0,3132.0,21995.0,tramadol,14.24
167,DYER,47045,37751.0,1.0,277.0,20399.0,codeine,1.36
168,DYER,47045,37751.0,1.0,231.0,20399.0,fentanyl,1.13
169,DYER,47045,37751.0,1.0,12379.0,20399.0,hydrocodone,60.68
170,DYER,47045,37751.0,1.0,625.0,20399.0,morphine,3.06
171,DYER,47045,37751.0,1.0,101.0,20399.0,other,0.5
172,DYER,47045,37751.0,1.0,4206.0,20399.0,oxycodone,20.62
173,DYER,47045,37751.0,1.0,2580.0,20399.0,tramadol,12.65
174,FAYETTE,47047,39336.0,3.0,233.0,8567.0,codeine,2.72
175,FAYETTE,47047,39336.0,3.0,148.0,8567.0,fentanyl,1.73
176,FAYETTE,47047,39336.0,3.0,4132.0,8567.0,hydrocodone,48.23
177,FAYETTE,47047,39336.0,3.0,443.0,8567.0,morphine,5.17
178,FAYETTE,47047,39336.0,3.0,110.0,8567.0,other,1.28
179,FAYETTE,47047,39336.0,3.0,2554.0,8567.0,oxycodone,29.81
180,FAYETTE,47047,39336.0,3.0,24.0,8567.0,oxymorphone,0.28
181,FAYETTE,47047,39336.0,3.0,923.0,8567.0,tramadol,10.77
182,FENTRESS,47049,17940.0,1.0,352.0,12819.0,codeine,2.75
183,FENTRESS,47049,17940.0,1.0,365.0,12819.0,fentanyl,2.85
184,FENTRESS,47049,17940.0,1.0,2884.0,12819.0,hydrocodone,22.5
185,FENTRESS,47049,17940.0,1.0,1308.0,12819.0,morphine,10.2
186,FENTRESS,47049,17940.0,1.0,22.0,12819.0,other,0.17
187,FENTRESS,47049,17940.0,1.0,6858.0,12819.0,oxycodone,53.5
188,FENTRESS,47049,17940.0,1.0,268.0,12819.0,oxymorphone,2.09
189,FENTRESS,47049,17940.0,1.0,762.0,12819.0,tramadol,5.94
190,FRANKLIN,47051,41397.0,3.0,85.0,13808.0,codeine,0.62
191,FRANKLIN,47051,41397.0,3.0,174.0,13808.0,fentanyl,1.26
192,FRANKLIN,47051,41397.0,3.0,6274.0,13808.0,hydrocodone,45.44
193,FRANKLIN,47051,41397.0,3.0,683.0,13808.0,morphine,4.95
194,FRANKLIN,47051,41397.0,3.0,267.0,13808.0,other,1.93
195,FRANKLIN,47051,41397.0,3.0,4091.0,13808.0,oxycodone,29.63
196,FRANKLIN,47051,41397.0,3.0,2234.0,13808.0,tramadol,16.18
197,GIBSON,47053,49222.0,6.0,433.0,16359.0,codeine,2.65
198,GIBSON,47053,49222.0,6.0,262.0,16359.0,fentanyl,1.6
199,GIBSON,47053,49222.0,6.0,9998.0,16359.0,hydrocodone,61.12
200,GIBSON,47053,49222.0,6.0,373.0,16359.0,morphine,2.28
201,GIBSON,47053,49222.0,6.0,23.0,16359.0,other,0.14
202,GIBSON,47053,49222.0,6.0,1724.0,16359.0,oxycodone,10.54
203,GIBSON,47053,49222.0,6.0,3546.0,16359.0,tramadol,21.68
204,GILES,47055,29024.0,5.0,94.0,7186.0,codeine,1.31
205,GILES,47055,29024.0,5.0,114.0,7186.0,fentanyl,1.59
206,GILES,47055,29024.0,5.0,3974.0,7186.0,hydrocodone,55.3
207,GILES,47055,29024.0,5.0,224.0,7186.0,morphine,3.12
208,GILES,47055,29024.0,5.0,43.0,7186.0,other,0.6
209,GILES,47055,29024.0,5.0,1538.0,7186.0,oxycodone,21.4
210,GILES,47055,29024.0,5.0,25.0,7186.0,oxymorphone,0.35
211,GILES,47055,29024.0,5.0,1174.0,7186.0,tramadol,16.34
212,GRAINGER,47057,22942.0,1.0,92.0,3675.0,codeine,2.5
213,GRAINGER,47057,22942.0,1.0,263.0,3675.0,fentanyl,7.16
214,GRAINGER,47057,22942.0,1.0,2104.0,3675.0,hydrocodone,57.25
215,GRAINGER,47057,22942.0,1.0,66.0,3675.0,morphine,1.8
216,GRAINGER,47057,22942.0,1.0,13.0,3675.0,other,0.35
217,GRAINGER,47057,22942.0,1.0,544.0,3675.0,oxycodone,14.8
218,GRAINGER,47057,22942.0,1.0,593.0,3675.0,tramadol,16.14
219,GREENE,47059,68520.0,17.0,419.0,31535.0,codeine,1.33
220,GREENE,47059,68520.0,17.0,383.0,31535.0,fentanyl,1.21
221,GREENE,47059,68520.0,17.0,16508.0,31535.0,hydrocodone,52.35
222,GREENE,47059,68520.0,17.0,1219.0,31535.0,morphine,3.87
223,GREENE,47059,68520.0,17.0,75.0,31535.0,other,0.24
224,GREENE,47059,68520.0,17.0,6888.0,31535.0,oxycodone,21.84
225,GREENE,47059,68520.0,17.0,352.0,31535.0,oxymorphone,1.12
226,GREENE,47059,68520.0,17.0,5691.0,31535.0,tramadol,18.05
227,GRUNDY,47061,13359.0,1.0,143.0,6343.0,fentanyl,2.25
228,GRUNDY,47061,13359.0,1.0,1934.0,6343.0,hydrocodone,30.49
229,GRUNDY,47061,13359.0,1.0,913.0,6343.0,morphine,14.39
230,GRUNDY,47061,13359.0,1.0,102.0,6343.0,other,1.61
231,GRUNDY,47061,13359.0,1.0,2697.0,6343.0,oxycodone,42.52
232,GRUNDY,47061,13359.0,1.0,141.0,6343.0,oxymorphone,2.22
233,GRUNDY,47061,13359.0,1.0,413.0,6343.0,tramadol,6.51
234,HAMBLEN,47063,63465.0,9.0,835.0,45241.0,codeine,1.85
235,HAMBLEN,47063,63465.0,9.0,1589.0,45241.0,fentanyl,3.51
236,HAMBLEN,47063,63465.0,9.0,21574.0,45241.0,hydrocodone,47.69
237,HAMBLEN,47063,63465.0,9.0,2852.0,45241.0,morphine,6.3
238,HAMBLEN,47063,63465.0,9.0,143.0,45241.0,other,0.32
239,HAMBLEN,47063,63465.0,9.0,12415.0,45241.0,oxycodone,27.44
240,HAMBLEN,47063,63465.0,9.0,657.0,45241.0,oxymorphone,1.45
241,HAMBLEN,47063,63465.0,9.0,5176.0,45241.0,tramadol,11.44
242,HAMILTON,47065,354589.0,60.0,1897.0,199917.0,codeine,0.95
243,HAMILTON,47065,354589.0,60.0,4365.0,199917.0,fentanyl,2.18
244,HAMILTON,47065,354589.0,60.0,87275.0,199917.0,hydrocodone,43.66
245,HAMILTON,47065,354589.0,60.0,12473.0,199917.0,morphine,6.24
246,HAMILTON,47065,354589.0,60.0,4777.0,199917.0,other,2.39
247,HAMILTON,47065,354589.0,60.0,57418.0,199917.0,oxycodone,28.72
248,HAMILTON,47065,354589.0,60.0,1353.0,199917.0,oxymorphone,0.68
249,HAMILTON,47065,354589.0,60.0,30359.0,199917.0,tramadol,15.19
250,HANCOCK,47067,6605.0,3.0,188.0,878.0,codeine,21.41
251,HANCOCK,47067,6605.0,3.0,311.0,878.0,hydrocodone,35.42
252,HANCOCK,47067,6605.0,3.0,20.0,878.0,morphine,2.28
253,HANCOCK,47067,6605.0,3.0,97.0,878.0,oxycodone,11.05
254,HANCOCK,47067,6605.0,3.0,262.0,878.0,tramadol,29.84
255,HARDEMAN,47069,25784.0,4.0,140.0,7597.0,codeine,1.84
256,HARDEMAN,47069,25784.0,4.0,30.0,7597.0,fentanyl,0.39
257,HARDEMAN,47069,25784.0,4.0,5519.0,7597.0,hydrocodone,72.65
258,HARDEMAN,47069,25784.0,4.0,228.0,7597.0,morphine,3.0
259,HARDEMAN,47069,25784.0,4.0,32.0,7597.0,other,0.42
260,HARDEMAN,47069,25784.0,4.0,720.0,7597.0,oxycodone,9.48
261,HARDEMAN,47069,25784.0,4.0,928.0,7597.0,tramadol,12.22
262,HARDIN,47071,25813.0,2.0,447.0,11393.0,codeine,3.92
263,HARDIN,47071,25813.0,2.0,287.0,11393.0,fentanyl,2.52
264,HARDIN,47071,25813.0,2.0,5941.0,11393.0,hydrocodone,52.15
265,HARDIN,47071,25813.0,2.0,122.0,11393.0,morphine,1.07
266,HARDIN,47071,25813.0,2.0,46.0,11393.0,other,0.4
267,HARDIN,47071,25813.0,2.0,1657.0,11393.0,oxycodone,14.54
268,HARDIN,47071,25813.0,2.0,20.0,11393.0,oxymorphone,0.18
269,HARDIN,47071,25813.0,2.0,2873.0,11393.0,tramadol,25.22
270,HAWKINS,47073,56402.0,5.0,260.0,15030.0,codeine,1.73
271,HAWKINS,47073,56402.0,5.0,247.0,15030.0,fentanyl,1.64
272,HAWKINS,47073,56402.0,5.0,8135.0,15030.0,hydrocodone,54.13
273,HAWKINS,47073,56402.0,5.0,479.0,15030.0,morphine,3.19
274,HAWKINS,47073,56402.0,5.0,49.0,15030.0,other,0.33
275,HAWKINS,47073,56402.0,5.0,3456.0,15030.0,oxycodone,22.99
276,HAWKINS,47073,56402.0,5.0,41.0,15030.0,oxymorphone,0.27
277,HAWKINS,47073,56402.0,5.0,2363.0,15030.0,tramadol,15.72
278,HAYWOOD,47075,17944.0,0.0,518.0,4568.0,codeine,11.34
279,HAYWOOD,47075,17944.0,0.0,205.0,4568.0,fentanyl,4.49
280,HAYWOOD,47075,17944.0,0.0,2258.0,4568.0,hydrocodone,49.43
281,HAYWOOD,47075,17944.0,0.0,11.0,4568.0,morphine,0.24
282,HAYWOOD,47075,17944.0,0.0,12.0,4568.0,other,0.26
283,HAYWOOD,47075,17944.0,0.0,214.0,4568.0,oxycodone,4.68
284,HAYWOOD,47075,17944.0,0.0,1350.0,4568.0,tramadol,29.55
285,HENDERSON,47077,27889.0,5.0,172.0,4898.0,codeine,3.51
286,HENDERSON,47077,27889.0,5.0,60.0,4898.0,fentanyl,1.22
287,HENDERSON,47077,27889.0,5.0,2668.0,4898.0,hydrocodone,54.47
288,HENDERSON,47077,27889.0,5.0,104.0,4898.0,morphine,2.12
289,HENDERSON,47077,27889.0,5.0,12.0,4898.0,other,0.24
290,HENDERSON,47077,27889.0,5.0,484.0,4898.0,oxycodone,9.88
291,HENDERSON,47077,27889.0,5.0,1398.0,4898.0,tramadol,28.54
292,HENRY,47079,32263.0,2.0,292.0,21914.0,codeine,1.33
293,HENRY,47079,32263.0,2.0,858.0,21914.0,fentanyl,3.92
294,HENRY,47079,32263.0,2.0,10788.0,21914.0,hydrocodone,49.23
295,HENRY,47079,32263.0,2.0,1755.0,21914.0,morphine,8.01
296,HENRY,47079,32263.0,2.0,273.0,21914.0,other,1.25
297,HENRY,47079,32263.0,2.0,5519.0,21914.0,oxycodone,25.18
298,HENRY,47079,32263.0,2.0,127.0,21914.0,oxymorphone,0.58
299,HENRY,47079,32263.0,2.0,2302.0,21914.0,tramadol,10.5
300,HICKMAN,47081,24502.0,3.0,136.0,4759.0,codeine,2.86
301,HICKMAN,47081,24502.0,3.0,85.0,4759.0,fentanyl,1.79
302,HICKMAN,47081,24502.0,3.0,2880.0,4759.0,hydrocodone,60.52
303,HICKMAN,47081,24502.0,3.0,52.0,4759.0,morphine,1.09
304,HICKMAN,47081,24502.0,3.0,861.0,4759.0,oxycodone,18.09
305,HICKMAN,47081,24502.0,3.0,745.0,4759.0,tramadol,15.65
306,HOUSTON,47083,8188.0,1.0,14.0,1813.0,codeine,0.77
307,HOUSTON,47083,8188.0,1.0,85.0,1813.0,fentanyl,4.69
308,HOUSTON,47083,8188.0,1.0,704.0,1813.0,hydrocodone,38.83
309,HOUSTON,47083,8188.0,1.0,37.0,1813.0,morphine,2.04
310,HOUSTON,47083,8188.0,1.0,30.0,1813.0,other,1.65
311,HOUSTON,47083,8188.0,1.0,570.0,1813.0,oxycodone,31.44
312,HOUSTON,47083,8188.0,1.0,373.0,1813.0,tramadol,20.57
313,HUMPHREYS,47085,18281.0,4.0,104.0,3295.0,codeine,3.16
314,HUMPHREYS,47085,18281.0,4.0,147.0,3295.0,fentanyl,4.46
315,HUMPHREYS,47085,18281.0,4.0,2068.0,3295.0,hydrocodone,62.76
316,HUMPHREYS,47085,18281.0,4.0,42.0,3295.0,morphine,1.27
317,HUMPHREYS,47085,18281.0,4.0,53.0,3295.0,other,1.61
318,HUMPHREYS,47085,18281.0,4.0,394.0,3295.0,oxycodone,11.96
319,HUMPHREYS,47085,18281.0,4.0,487.0,3295.0,tramadol,14.78
320,JACKSON,47087,11573.0,2.0,13.0,1042.0,codeine,1.25
321,JACKSON,47087,11573.0,2.0,46.0,1042.0,fentanyl,4.41
322,JACKSON,47087,11573.0,2.0,392.0,1042.0,hydrocodone,37.62
323,JACKSON,47087,11573.0,2.0,47.0,1042.0,morphine,4.51
324,JACKSON,47087,11573.0,2.0,39.0,1042.0,other,3.74
325,JACKSON,47087,11573.0,2.0,310.0,1042.0,oxycodone,29.75
326,JACKSON,47087,11573.0,2.0,195.0,1042.0,tramadol,18.71
327,JEFFERSON,47089,52887.0,7.0,200.0,26452.0,codeine,0.76
328,JEFFERSON,47089,52887.0,7.0,481.0,26452.0,fentanyl,1.82
329,JEFFERSON,47089,52887.0,7.0,12552.0,26452.0,hydrocodone,47.45
330,JEFFERSON,47089,52887.0,7.0,1070.0,26452.0,morphine,4.05
331,JEFFERSON,47089,52887.0,7.0,61.0,26452.0,other,0.23
332,JEFFERSON,47089,52887.0,7.0,7506.0,26452.0,oxycodone,28.38
333,JEFFERSON,47089,52887.0,7.0,730.0,26452.0,oxymorphone,2.76
334,JEFFERSON,47089,52887.0,7.0,3852.0,26452.0,tramadol,14.56
335,JOHNSON,47091,17846.0,1.0,246.0,6281.0,codeine,3.92
336,JOHNSON,47091,17846.0,1.0,127.0,6281.0,fentanyl,2.02
337,JOHNSON,47091,17846.0,1.0,3171.0,6281.0,hydrocodone,50.49
338,JOHNSON,47091,17846.0,1.0,198.0,6281.0,morphine,3.15
339,JOHNSON,47091,17846.0,1.0,44.0,6281.0,other,0.7
340,JOHNSON,47091,17846.0,1.0,1409.0,6281.0,oxycodone,22.43
341,JOHNSON,47091,17846.0,1.0,1086.0,6281.0,tramadol,17.29
342,KNOX,47093,452286.0,196.0,2904.0,242440.0,codeine,1.2
343,KNOX,47093,452286.0,196.0,5120.0,242440.0,fentanyl,2.11
344,KNOX,47093,452286.0,196.0,83771.0,242440.0,hydrocodone,34.55
345,KNOX,47093,452286.0,196.0,19401.0,242440.0,morphine,8.0
346,KNOX,47093,452286.0,196.0,1720.0,242440.0,other,0.71
347,KNOX,47093,452286.0,196.0,87737.0,242440.0,oxycodone,36.19
348,KNOX,47093,452286.0,196.0,9577.0,242440.0,oxymorphone,3.95
349,KNOX,47093,452286.0,196.0,32210.0,242440.0,tramadol,13.29
350,LAKE,47095,7588.0,0.0,12.0,220.0,fentanyl,5.45
351,LAKE,47095,7588.0,0.0,124.0,220.0,hydrocodone,56.36
352,LAKE,47095,7588.0,0.0,19.0,220.0,oxycodone,8.64
353,LAKE,47095,7588.0,0.0,65.0,220.0,tramadol,29.55
354,LAUDERDALE,47097,26497.0,2.0,32.0,6170.0,codeine,0.52
355,LAUDERDALE,47097,26497.0,2.0,101.0,6170.0,fentanyl,1.64
356,LAUDERDALE,47097,26497.0,2.0,4041.0,6170.0,hydrocodone,65.49
357,LAUDERDALE,47097,26497.0,2.0,66.0,6170.0,morphine,1.07
358,LAUDERDALE,47097,26497.0,2.0,17.0,6170.0,other,0.28
359,LAUDERDALE,47097,26497.0,2.0,1091.0,6170.0,oxycodone,17.68
360,LAUDERDALE,47097,26497.0,2.0,822.0,6170.0,tramadol,13.32
361,LAWRENCE,47099,42591.0,7.0,162.0,17380.0,codeine,0.93
362,LAWRENCE,47099,42591.0,7.0,460.0,17380.0,fentanyl,2.65
363,LAWRENCE,47099,42591.0,7.0,8862.0,17380.0,hydrocodone,50.99
364,LAWRENCE,47099,42591.0,7.0,892.0,17380.0,morphine,5.13
365,LAWRENCE,47099,42591.0,7.0,193.0,17380.0,other,1.11
366,LAWRENCE,47099,42591.0,7.0,4902.0,17380.0,oxycodone,28.2
367,LAWRENCE,47099,42591.0,7.0,36.0,17380.0,oxymorphone,0.21
368,LAWRENCE,47099,42591.0,7.0,1873.0,17380.0,tramadol,10.78
369,LEWIS,47101,11944.0,2.0,145.0,3076.0,codeine,4.71
370,LEWIS,47101,11944.0,2.0,2088.0,3076.0,hydrocodone,67.88
371,LEWIS,47101,11944.0,2.0,284.0,3076.0,oxycodone,9.23
372,LEWIS,47101,11944.0,2.0,559.0,3076.0,tramadol,18.17
373,LINCOLN,47103,33543.0,4.0,27.0,5916.0,codeine,0.46
374,LINCOLN,47103,33543.0,4.0,76.0,5916.0,fentanyl,1.28
375,LINCOLN,47103,33543.0,4.0,3368.0,5916.0,hydrocodone,56.93
376,LINCOLN,47103,33543.0,4.0,113.0,5916.0,morphine,1.91
377,LINCOLN,47103,33543.0,4.0,36.0,5916.0,other,0.61
378,LINCOLN,47103,33543.0,4.0,1074.0,5916.0,oxycodone,18.15
379,LINCOLN,47103,33543.0,4.0,38.0,5916.0,oxymorphone,0.64
380,LINCOLN,47103,33543.0,4.0,1184.0,5916.0,tramadol,20.01
381,LOUDON,47105,51024.0,18.0,120.0,11144.0,codeine,1.08
382,LOUDON,47105,51024.0,18.0,175.0,11144.0,fentanyl,1.57
383,LOUDON,47105,51024.0,18.0,4717.0,11144.0,hydrocodone,42.33
384,LOUDON,47105,51024.0,18.0,600.0,11144.0,morphine,5.38
385,LOUDON,47105,51024.0,18.0,26.0,11144.0,other,0.23
386,LOUDON,47105,51024.0,18.0,3578.0,11144.0,oxycodone,32.11
387,LOUDON,47105,51024.0,18.0,126.0,11144.0,oxymorphone,1.13
388,LOUDON,47105,51024.0,18.0,1802.0,11144.0,tramadol,16.17
389,MACON,47111,23239.0,2.0,61.0,3245.0,codeine,1.88
390,MACON,47111,23239.0,2.0,190.0,3245.0,fentanyl,5.86
391,MACON,47111,23239.0,2.0,1794.0,3245.0,hydrocodone,55.29
392,MACON,47111,23239.0,2.0,17.0,3245.0,morphine,0.52
393,MACON,47111,23239.0,2.0,477.0,3245.0,oxycodone,14.7
394,MACON,47111,23239.0,2.0,40.0,3245.0,oxymorphone,1.23
395,MACON,47111,23239.0,2.0,666.0,3245.0,tramadol,20.52
396,MADISON,47113,97887.0,12.0,1040.0,68021.0,codeine,1.53
397,MADISON,47113,97887.0,12.0,1081.0,68021.0,fentanyl,1.59
398,MADISON,47113,97887.0,12.0,36783.0,68021.0,hydrocodone,54.08
399,MADISON,47113,97887.0,12.0,3637.0,68021.0,morphine,5.35
400,MADISON,47113,97887.0,12.0,522.0,68021.0,other,0.77
401,MADISON,47113,97887.0,12.0,14915.0,68021.0,oxycodone,21.93
402,MADISON,47113,97887.0,12.0,280.0,68021.0,oxymorphone,0.41
403,MADISON,47113,97887.0,12.0,9763.0,68021.0,tramadol,14.35
404,MARION,47115,28355.0,2.0,37.0,7621.0,codeine,0.49
405,MARION,47115,28355.0,2.0,124.0,7621.0,fentanyl,1.63
406,MARION,47115,28355.0,2.0,4064.0,7621.0,hydrocodone,53.33
407,MARION,47115,28355.0,2.0,218.0,7621.0,morphine,2.86
408,MARION,47115,28355.0,2.0,54.0,7621.0,other,0.71
409,MARION,47115,28355.0,2.0,1666.0,7621.0,oxycodone,21.86
410,MARION,47115,28355.0,2.0,1458.0,7621.0,tramadol,19.13
411,MARSHALL,47117,31753.0,6.0,64.0,7583.0,codeine,0.84
412,MARSHALL,47117,31753.0,6.0,56.0,7583.0,fentanyl,0.74
413,MARSHALL,47117,31753.0,6.0,3290.0,7583.0,hydrocodone,43.39
414,MARSHALL,47117,31753.0,6.0,667.0,7583.0,morphine,8.8
415,MARSHALL,47117,31753.0,6.0,97.0,7583.0,other,1.28
416,MARSHALL,47117,31753.0,6.0,2285.0,7583.0,oxycodone,30.13
417,MARSHALL,47117,31753.0,6.0,50.0,7583.0,oxymorphone,0.66
418,MARSHALL,47117,31753.0,6.0,1074.0,7583.0,tramadol,14.16
419,MAURY,47119,87606.0,12.0,278.0,46952.0,codeine,0.59
420,MAURY,47119,87606.0,12.0,1249.0,46952.0,fentanyl,2.66
421,MAURY,47119,87606.0,12.0,19122.0,46952.0,hydrocodone,40.73
422,MAURY,47119,87606.0,12.0,4081.0,46952.0,morphine,8.69
423,MAURY,47119,87606.0,12.0,395.0,46952.0,other,0.84
424,MAURY,47119,87606.0,12.0,15460.0,46952.0,oxycodone,32.93
425,MAURY,47119,87606.0,12.0,627.0,46952.0,oxymorphone,1.34
426,MAURY,47119,87606.0,12.0,5740.0,46952.0,tramadol,12.23
427,MC MINN,47107,52569.0,6.0,355.0,23085.0,codeine,1.54
428,MC MINN,47107,52569.0,6.0,790.0,23085.0,fentanyl,3.42
429,MC MINN,47107,52569.0,6.0,10696.0,23085.0,hydrocodone,46.33
430,MC MINN,47107,52569.0,6.0,733.0,23085.0,morphine,3.18
431,MC MINN,47107,52569.0,6.0,249.0,23085.0,other,1.08
432,MC MINN,47107,52569.0,6.0,7064.0,23085.0,oxycodone,30.6
433,MC MINN,47107,52569.0,6.0,123.0,23085.0,oxymorphone,0.53
434,MC MINN,47107,52569.0,6.0,3075.0,23085.0,tramadol,13.32
435,MC NAIRY,47109,25945.0,3.0,258.0,12983.0,codeine,1.99
436,MC NAIRY,47109,25945.0,3.0,156.0,12983.0,fentanyl,1.2
437,MC NAIRY,47109,25945.0,3.0,7568.0,12983.0,hydrocodone,58.29
438,MC NAIRY,47109,25945.0,3.0,617.0,12983.0,morphine,4.75
439,MC NAIRY,47109,25945.0,3.0,23.0,12983.0,other,0.18
440,MC NAIRY,47109,25945.0,3.0,2232.0,12983.0,oxycodone,17.19
441,MC NAIRY,47109,25945.0,3.0,11.0,12983.0,oxymorphone,0.08
442,MC NAIRY,47109,25945.0,3.0,2118.0,12983.0,tramadol,16.31
443,MEIGS,47121,11830.0,2.0,31.0,1275.0,fentanyl,2.43
444,MEIGS,47121,11830.0,2.0,638.0,1275.0,hydrocodone,50.04
445,MEIGS,47121,11830.0,2.0,395.0,1275.0,oxycodone,30.98
446,MEIGS,47121,11830.0,2.0,211.0,1275.0,tramadol,16.55
447,MONROE,47123,45698.0,5.0,264.0,18343.0,codeine,1.44
448,MONROE,47123,45698.0,5.0,151.0,18343.0,fentanyl,0.82
449,MONROE,47123,45698.0,5.0,9207.0,18343.0,hydrocodone,50.19
450,MONROE,47123,45698.0,5.0,373.0,18343.0,morphine,2.03
451,MONROE,47123,45698.0,5.0,56.0,18343.0,other,0.31
452,MONROE,47123,45698.0,5.0,5038.0,18343.0,oxycodone,27.47
453,MONROE,47123,45698.0,5.0,895.0,18343.0,oxymorphone,4.88
454,MONROE,47123,45698.0,5.0,2359.0,18343.0,tramadol,12.86
455,MONTGOMERY,47125,192120.0,22.0,359.0,45243.0,codeine,0.79
456,MONTGOMERY,47125,192120.0,22.0,1133.0,45243.0,fentanyl,2.5
457,MONTGOMERY,47125,192120.0,22.0,15315.0,45243.0,hydrocodone,33.85
458,MONTGOMERY,47125,192120.0,22.0,3682.0,45243.0,morphine,8.14
459,MONTGOMERY,47125,192120.0,22.0,951.0,45243.0,other,2.1
460,MONTGOMERY,47125,192120.0,22.0,18233.0,45243.0,oxycodone,40.3
461,MONTGOMERY,47125,192120.0,22.0,2315.0,45243.0,oxymorphone,5.12
462,MONTGOMERY,47125,192120.0,22.0,3255.0,45243.0,tramadol,7.19
463,MOORE,47127,6302.0,1.0,75.0,708.0,fentanyl,10.59
464,MOORE,47127,6302.0,1.0,261.0,708.0,hydrocodone,36.86
465,MOORE,47127,6302.0,1.0,177.0,708.0,oxycodone,25.0
466,MOORE,47127,6302.0,1.0,195.0,708.0,tramadol,27.54
467,MORGAN,47129,21639.0,3.0,11.0,6112.0,codeine,0.18
468,MORGAN,47129,21639.0,3.0,90.0,6112.0,fentanyl,1.47
469,MORGAN,47129,21639.0,3.0,1537.0,6112.0,hydrocodone,25.15
470,MORGAN,47129,21639.0,3.0,593.0,6112.0,morphine,9.7
471,MORGAN,47129,21639.0,3.0,3516.0,6112.0,oxycodone,57.53
472,MORGAN,47129,21639.0,3.0,123.0,6112.0,oxymorphone,2.01
473,MORGAN,47129,21639.0,3.0,242.0,6112.0,tramadol,3.96
474,OBION,47131,30659.0,0.0,118.0,19762.0,codeine,0.6
475,OBION,47131,30659.0,0.0,519.0,19762.0,fentanyl,2.63
476,OBION,47131,30659.0,0.0,8602.0,19762.0,hydrocodone,43.53
477,OBION,47131,30659.0,0.0,1633.0,19762.0,morphine,8.26
478,OBION,47131,30659.0,0.0,71.0,19762.0,other,0.36
479,OBION,47131,30659.0,0.0,6559.0,19762.0,oxycodone,33.19
480,OBION,47131,30659.0,0.0,574.0,19762.0,oxymorphone,2.9
481,OBION,47131,30659.0,0.0,1686.0,19762.0,tramadol,8.53
482,OVERTON,47133,21995.0,5.0,270.0,6835.0,codeine,3.95
483,OVERTON,47133,21995.0,5.0,215.0,6835.0,fentanyl,3.15
484,OVERTON,47133,21995.0,5.0,2222.0,6835.0,hydrocodone,32.51
485,OVERTON,47133,21995.0,5.0,436.0,6835.0,morphine,6.38
486,OVERTON,47133,21995.0,5.0,2751.0,6835.0,oxycodone,40.25
487,OVERTON,47133,21995.0,5.0,71.0,6835.0,oxymorphone,1.04
488,OVERTON,47133,21995.0,5.0,870.0,6835.0,tramadol,12.73
489,PERRY,47135,7882.0,1.0,145.0,2683.0,codeine,5.4
490,PERRY,47135,7882.0,1.0,13.0,2683.0,fentanyl,0.48
491,PERRY,47135,7882.0,1.0,1477.0,2683.0,hydrocodone,55.05
492,PERRY,47135,7882.0,1.0,170.0,2683.0,morphine,6.34
493,PERRY,47135,7882.0,1.0,415.0,2683.0,oxycodone,15.47
494,PERRY,47135,7882.0,1.0,11.0,2683.0,oxymorphone,0.41
495,PERRY,47135,7882.0,1.0,452.0,2683.0,tramadol,16.85
496,PICKETT,47137,5071.0,1.0,89.0,1906.0,codeine,4.67
497,PICKETT,47137,5071.0,1.0,100.0,1906.0,fentanyl,5.25
498,PICKETT,47137,5071.0,1.0,948.0,1906.0,hydrocodone,49.74
499,PICKETT,47137,5071.0,1.0,17.0,1906.0,morphine,0.89
500,PICKETT,47137,5071.0,1.0,294.0,1906.0,oxycodone,15.42
501,PICKETT,47137,5071.0,1.0,458.0,1906.0,tramadol,24.03
502,POLK,47139,16722.0,2.0,29.0,3084.0,codeine,0.94
503,POLK,47139,16722.0,2.0,82.0,3084.0,fentanyl,2.66
504,POLK,47139,16722.0,2.0,1640.0,3084.0,hydrocodone,53.18
505,POLK,47139,16722.0,2.0,45.0,3084.0,morphine,1.46
506,POLK,47139,16722.0,2.0,35.0,3084.0,other,1.13
507,POLK,47139,16722.0,2.0,849.0,3084.0,oxycodone,27.53
508,POLK,47139,16722.0,2.0,404.0,3084.0,tramadol,13.1
509,PUTNAM,47141,75565.0,10.0,252.0,48673.0,codeine,0.52
510,PUTNAM,47141,75565.0,10.0,1604.0,48673.0,fentanyl,3.3
511,PUTNAM,47141,75565.0,10.0,17431.0,48673.0,hydrocodone,35.81
512,PUTNAM,47141,75565.0,10.0,3551.0,48673.0,morphine,7.3
513,PUTNAM,47141,75565.0,10.0,762.0,48673.0,other,1.57
514,PUTNAM,47141,75565.0,10.0,19286.0,48673.0,oxycodone,39.62
515,PUTNAM,47141,75565.0,10.0,600.0,48673.0,oxymorphone,1.23
516,PUTNAM,47141,75565.0,10.0,5187.0,48673.0,tramadol,10.66
517,RHEA,47143,32478.0,4.0,202.0,14809.0,codeine,1.36
518,RHEA,47143,32478.0,4.0,440.0,14809.0,fentanyl,2.97
519,RHEA,47143,32478.0,4.0,5759.0,14809.0,hydrocodone,38.89
520,RHEA,47143,32478.0,4.0,1217.0,14809.0,morphine,8.22
521,RHEA,47143,32478.0,4.0,207.0,14809.0,other,1.4
522,RHEA,47143,32478.0,4.0,5368.0,14809.0,oxycodone,36.25
523,RHEA,47143,32478.0,4.0,168.0,14809.0,oxymorphone,1.13
524,RHEA,47143,32478.0,4.0,1448.0,14809.0,tramadol,9.78
525,ROANE,47145,52926.0,16.0,780.0,24602.0,codeine,3.17
526,ROANE,47145,52926.0,16.0,566.0,24602.0,fentanyl,2.3
527,ROANE,47145,52926.0,16.0,10352.0,24602.0,hydrocodone,42.08
528,ROANE,47145,52926.0,16.0,1087.0,24602.0,morphine,4.42
529,ROANE,47145,52926.0,16.0,67.0,24602.0,other,0.27
530,ROANE,47145,52926.0,16.0,8961.0,24602.0,oxycodone,36.42
531,ROANE,47145,52926.0,16.0,266.0,24602.0,oxymorphone,1.08
532,ROANE,47145,52926.0,16.0,2523.0,24602.0,tramadol,10.26
533,ROBERTSON,47147,68575.0,15.0,273.0,19189.0,codeine,1.42
534,ROBERTSON,47147,68575.0,15.0,502.0,19189.0,fentanyl,2.62
535,ROBERTSON,47147,68575.0,15.0,8790.0,19189.0,hydrocodone,45.81
536,ROBERTSON,47147,68575.0,15.0,1557.0,19189.0,morphine,8.11
537,ROBERTSON,47147,68575.0,15.0,228.0,19189.0,other,1.19
538,ROBERTSON,47147,68575.0,15.0,5144.0,19189.0,oxycodone,26.81
539,ROBERTSON,47147,68575.0,15.0,152.0,19189.0,oxymorphone,0.79
540,ROBERTSON,47147,68575.0,15.0,2543.0,19189.0,tramadol,13.25
541,RUTHERFORD,47149,298456.0,48.0,297.0,65261.0,codeine,0.46
542,RUTHERFORD,47149,298456.0,48.0,1599.0,65261.0,fentanyl,2.45
543,RUTHERFORD,47149,298456.0,48.0,27862.0,65261.0,hydrocodone,42.69
544,RUTHERFORD,47149,298456.0,48.0,4463.0,65261.0,morphine,6.84
545,RUTHERFORD,47149,298456.0,48.0,1228.0,65261.0,other,1.88
546,RUTHERFORD,47149,298456.0,48.0,21682.0,65261.0,oxycodone,33.22
547,RUTHERFORD,47149,298456.0,48.0,857.0,65261.0,oxymorphone,1.31
548,RUTHERFORD,47149,298456.0,48.0,7273.0,65261.0,tramadol,11.14
549,SCOTT,47151,21949.0,2.0,178.0,26118.0,codeine,0.68
550,SCOTT,47151,21949.0,2.0,170.0,26118.0,fentanyl,0.65
551,SCOTT,47151,21949.0,2.0,10499.0,26118.0,hydrocodone,40.2
552,SCOTT,47151,21949.0,2.0,881.0,26118.0,morphine,3.37
553,SCOTT,47151,21949.0,2.0,45.0,26118.0,other,0.17
554,SCOTT,47151,21949.0,2.0,12781.0,26118.0,oxycodone,48.94
555,SCOTT,47151,21949.0,2.0,131.0,26118.0,oxymorphone,0.5
556,SCOTT,47151,21949.0,2.0,1433.0,26118.0,tramadol,5.49
557,SEQUATCHIE,47153,14654.0,3.0,30.0,1328.0,codeine,2.26
558,SEQUATCHIE,47153,14654.0,3.0,623.0,1328.0,hydrocodone,46.91
559,SEQUATCHIE,47153,14654.0,3.0,18.0,1328.0,morphine,1.36
560,SEQUATCHIE,47153,14654.0,3.0,331.0,1328.0,oxycodone,24.92
561,SEQUATCHIE,47153,14654.0,3.0,326.0,1328.0,tramadol,24.55
562,SEVIER,47155,95523.0,24.0,150.0,23307.0,codeine,0.64
563,SEVIER,47155,95523.0,24.0,299.0,23307.0,fentanyl,1.28
564,SEVIER,47155,95523.0,24.0,11474.0,23307.0,hydrocodone,49.23
565,SEVIER,47155,95523.0,24.0,763.0,23307.0,morphine,3.27
566,SEVIER,47155,95523.0,24.0,114.0,23307.0,other,0.49
567,SEVIER,47155,95523.0,24.0,6461.0,23307.0,oxycodone,27.72
568,SEVIER,47155,95523.0,24.0,41.0,23307.0,oxymorphone,0.18
569,SEVIER,47155,95523.0,24.0,4005.0,23307.0,tramadol,17.18
570,SHELBY,47157,937847.0,159.0,6948.0,233758.0,codeine,2.97
571,SHELBY,47157,937847.0,159.0,6043.0,233758.0,fentanyl,2.59
572,SHELBY,47157,937847.0,159.0,106462.0,233758.0,hydrocodone,45.54
573,SHELBY,47157,937847.0,159.0,8913.0,233758.0,morphine,3.81
574,SHELBY,47157,937847.0,159.0,4749.0,233758.0,other,2.03
575,SHELBY,47157,937847.0,159.0,61693.0,233758.0,oxycodone,26.39
576,SHELBY,47157,937847.0,159.0,327.0,233758.0,oxymorphone,0.14
577,SHELBY,47157,937847.0,159.0,38623.0,233758.0,tramadol,16.52
578,SMITH,47159,19279.0,2.0,131.0,7844.0,codeine,1.67
579,SMITH,47159,19279.0,2.0,122.0,7844.0,fentanyl,1.56
580,SMITH,47159,19279.0,2.0,3402.0,7844.0,hydrocodone,43.37
581,SMITH,47159,19279.0,2.0,410.0,7844.0,morphine,5.23
582,SMITH,47159,19279.0,2.0,153.0,7844.0,other,1.95
583,SMITH,47159,19279.0,2.0,2980.0,7844.0,oxycodone,37.99
584,SMITH,47159,19279.0,2.0,74.0,7844.0,oxymorphone,0.94
585,SMITH,47159,19279.0,2.0,572.0,7844.0,tramadol,7.29
586,STEWART,47161,13248.0,0.0,27.0,1403.0,codeine,1.92
587,STEWART,47161,13248.0,0.0,41.0,1403.0,fentanyl,2.92
588,STEWART,47161,13248.0,0.0,792.0,1403.0,hydrocodone,56.45
589,STEWART,47161,13248.0,0.0,251.0,1403.0,oxycodone,17.89
590,STEWART,47161,13248.0,0.0,292.0,1403.0,tramadol,20.81
591,SULLIVAN,47163,156519.0,29.0,823.0,117878.0,codeine,0.7
592,SULLIVAN,47163,156519.0,29.0,1910.0,117878.0,fentanyl,1.62
593,SULLIVAN,47163,156519.0,29.0,49624.0,117878.0,hydrocodone,42.1
594,SULLIVAN,47163,156519.0,29.0,5672.0,117878.0,morphine,4.81
595,SULLIVAN,47163,156519.0,29.0,2537.0,117878.0,other,2.15
596,SULLIVAN,47163,156519.0,29.0,40193.0,117878.0,oxycodone,34.1
597,SULLIVAN,47163,156519.0,29.0,1269.0,117878.0,oxymorphone,1.08
598,SULLIVAN,47163,156519.0,29.0,15850.0,117878.0,tramadol,13.45
599,SUMNER,47165,175730.0,28.0,801.0,70453.0,codeine,1.14
600,SUMNER,47165,175730.0,28.0,2743.0,70453.0,fentanyl,3.89
601,SUMNER,47165,175730.0,28.0,27262.0,70453.0,hydrocodone,38.7
602,SUMNER,47165,175730.0,28.0,6147.0,70453.0,morphine,8.72
603,SUMNER,47165,175730.0,28.0,1149.0,70453.0,other,1.63
604,SUMNER,47165,175730.0,28.0,24001.0,70453.0,oxycodone,34.07
605,SUMNER,47165,175730.0,28.0,745.0,70453.0,oxymorphone,1.06
606,SUMNER,47165,175730.0,28.0,7605.0,70453.0,tramadol,10.79
607,TIPTON,47167,61434.0,12.0,267.0,13714.0,codeine,1.95
608,TIPTON,47167,61434.0,12.0,502.0,13714.0,fentanyl,3.66
609,TIPTON,47167,61434.0,12.0,6742.0,13714.0,hydrocodone,49.16
610,TIPTON,47167,61434.0,12.0,671.0,13714.0,morphine,4.89
611,TIPTON,47167,61434.0,12.0,293.0,13714.0,other,2.14
612,TIPTON,47167,61434.0,12.0,3619.0,13714.0,oxycodone,26.39
613,TIPTON,47167,61434.0,12.0,1620.0,13714.0,tramadol,11.81
614,TROUSDALE,47169,8773.0,2.0,91.0,3335.0,fentanyl,2.73
615,TROUSDALE,47169,8773.0,2.0,1660.0,3335.0,hydrocodone,49.78
616,TROUSDALE,47169,8773.0,2.0,269.0,3335.0,morphine,8.07
617,TROUSDALE,47169,8773.0,2.0,39.0,3335.0,other,1.17
618,TROUSDALE,47169,8773.0,2.0,1079.0,3335.0,oxycodone,32.35
619,TROUSDALE,47169,8773.0,2.0,66.0,3335.0,oxymorphone,1.98
620,TROUSDALE,47169,8773.0,2.0,131.0,3335.0,tramadol,3.93
621,UNICOI,47171,17830.0,7.0,35.0,5937.0,codeine,0.59
622,UNICOI,47171,17830.0,7.0,142.0,5937.0,fentanyl,2.39
623,UNICOI,47171,17830.0,7.0,3253.0,5937.0,hydrocodone,54.79
624,UNICOI,47171,17830.0,7.0,99.0,5937.0,morphine,1.67
625,UNICOI,47171,17830.0,7.0,1029.0,5937.0,oxycodone,17.33
626,UNICOI,47171,17830.0,7.0,1379.0,5937.0,tramadol,23.23
627,UNION,47173,19176.0,4.0,223.0,3334.0,codeine,6.69
628,UNION,47173,19176.0,4.0,61.0,3334.0,fentanyl,1.83
629,UNION,47173,19176.0,4.0,862.0,3334.0,hydrocodone,25.85
630,UNION,47173,19176.0,4.0,345.0,3334.0,morphine,10.35
631,UNION,47173,19176.0,4.0,15.0,3334.0,other,0.45
632,UNION,47173,19176.0,4.0,1092.0,3334.0,oxycodone,32.75
633,UNION,47173,19176.0,4.0,136.0,3334.0,oxymorphone,4.08
634,UNION,47173,19176.0,4.0,600.0,3334.0,tramadol,18.0
635,VAN BUREN,47175,5675.0,0.0,50.0,1285.0,codeine,3.89
636,VAN BUREN,47175,5675.0,0.0,37.0,1285.0,fentanyl,2.88
637,VAN BUREN,47175,5675.0,0.0,746.0,1285.0,hydrocodone,58.05
638,VAN BUREN,47175,5675.0,0.0,77.0,1285.0,morphine,5.99
639,VAN BUREN,47175,5675.0,0.0,210.0,1285.0,oxycodone,16.34
640,VAN BUREN,47175,5675.0,0.0,165.0,1285.0,tramadol,12.84
641,WARREN,47177,40210.0,1.0,213.0,15285.0,codeine,1.39
642,WARREN,47177,40210.0,1.0,348.0,15285.0,fentanyl,2.28
643,WARREN,47177,40210.0,1.0,8419.0,15285.0,hydrocodone,55.08
644,WARREN,47177,40210.0,1.0,640.0,15285.0,morphine,4.19
645,WARREN,47177,40210.0,1.0,48.0,15285.0,other,0.31
646,WARREN,47177,40210.0,1.0,3111.0,15285.0,oxycodone,20.35
647,WARREN,47177,40210.0,1.0,2506.0,15285.0,tramadol,16.4
648,WASHINGTON,47179,126437.0,24.0,647.0,101935.0,codeine,0.63
649,WASHINGTON,47179,126437.0,24.0,2854.0,101935.0,fentanyl,2.8
650,WASHINGTON,47179,126437.0,24.0,43339.0,101935.0,hydrocodone,42.52
651,WASHINGTON,47179,126437.0,24.0,7285.0,101935.0,morphine,7.15
652,WASHINGTON,47179,126437.0,24.0,825.0,101935.0,other,0.81
653,WASHINGTON,47179,126437.0,24.0,31625.0,101935.0,oxycodone,31.02
654,WASHINGTON,47179,126437.0,24.0,1301.0,101935.0,oxymorphone,1.28
655,WASHINGTON,47179,126437.0,24.0,14059.0,101935.0,tramadol,13.79
656,WAYNE,47181,16713.0,0.0,108.0,6615.0,codeine,1.63
657,WAYNE,47181,16713.0,0.0,100.0,6615.0,fentanyl,1.51
658,WAYNE,47181,16713.0,0.0,4117.0,6615.0,hydrocodone,62.24
659,WAYNE,47181,16713.0,0.0,25.0,6615.0,morphine,0.38
660,WAYNE,47181,16713.0,0.0,12.0,6615.0,other,0.18
661,WAYNE,47181,16713.0,0.0,1206.0,6615.0,oxycodone,18.23
662,WAYNE,47181,16713.0,0.0,1047.0,6615.0,tramadol,15.83
663,WEAKLEY,47183,33776.0,1.0,428.0,14260.0,codeine,3.0
664,WEAKLEY,47183,33776.0,1.0,215.0,14260.0,fentanyl,1.51
665,WEAKLEY,47183,33776.0,1.0,8713.0,14260.0,hydrocodone,61.1
666,WEAKLEY,47183,33776.0,1.0,507.0,14260.0,morphine,3.56
667,WEAKLEY,47183,33776.0,1.0,147.0,14260.0,other,1.03
668,WEAKLEY,47183,33776.0,1.0,2388.0,14260.0,oxycodone,16.75
669,WEAKLEY,47183,33776.0,1.0,20.0,14260.0,oxymorphone,0.14
670,WEAKLEY,47183,33776.0,1.0,1842.0,14260.0,tramadol,12.92
671,WHITE,47185,26394.0,0.0,511.0,5439.0,codeine,9.4
672,WHITE,47185,26394.0,0.0,127.0,5439.0,fentanyl,2.33
673,WHITE,47185,26394.0,0.0,2196.0,5439.0,hydrocodone,40.38
674,WHITE,47185,26394.0,0.0,273.0,5439.0,morphine,5.02
675,WHITE,47185,26394.0,0.0,68.0,5439.0,other,1.25
676,WHITE,47185,26394.0,0.0,927.0,5439.0,oxycodone,17.04
677,WHITE,47185,26394.0,0.0,1337.0,5439.0,tramadol,24.58
678,WILLIAMSON,47187,212161.0,24.0,223.0,41296.0,codeine,0.54
679,WILLIAMSON,47187,212161.0,24.0,1159.0,41296.0,fentanyl,2.81
680,WILLIAMSON,47187,212161.0,24.0,14835.0,41296.0,hydrocodone,35.92
681,WILLIAMSON,47187,212161.0,24.0,3714.0,41296.0,morphine,8.99
682,WILLIAMSON,47187,212161.0,24.0,959.0,41296.0,other,2.32
683,WILLIAMSON,47187,212161.0,24.0,15382.0,41296.0,oxycodone,37.25
684,WILLIAMSON,47187,212161.0,24.0,343.0,41296.0,oxymorphone,0.83
685,WILLIAMSON,47187,212161.0,24.0,4681.0,41296.0,tramadol,11.34
686,WILSON,47189,128874.0,26.0,178.0,37417.0,codeine,0.48
687,WILSON,47189,128874.0,26.0,1296.0,37417.0,fentanyl,3.46
688,WILSON,47189,128874.0,26.0,16226.0,37417.0,hydrocodone,43.37
689,WILSON,47189,128874.0,26.0,2630.0,37417.0,morphine,7.03
690,WILSON,47189,128874.0,26.0,473.0,37417.0,other,1.26
691,WILSON,47189,128874.0,26.0,12170.0,37417.0,oxycodone,32.53
692,WILSON,47189,128874.0,26.0,332.0,37417.0,oxymorphone,0.89
693,WILSON,47189,128874.0,26.0,4112.0,37417.0,tramadol,10.99
